"","term","df","sumsq","meansq","statistic","p.value"
"1","sex",1,0.0936947667790319,0.0936947667790319,0.0473119987932775,0.827883865492958
"2","drug_treatment",2,3601.13871089192,1800.56935544596,909.213375523726,1.18406546614917e-180
"3","health_status",1,10788.9049519667,10788.9049519667,5447.95270446703,1.57363490788879e-299
"4","sex:drug_treatment",2,8.19676299403326,4.09838149701663,2.06951388115986,0.12716573282111
"5","sex:health_status",1,4.84823908479634,4.84823908479634,2.44816108321579,0.118200637964873
"6","drug_treatment:health_status",2,2842.1473263562,1421.0736631781,717.583678883623,1.67333118953143e-158
"7","sex:drug_treatment:health_status",2,4.80245982048571,2.40122991024286,1.21252221998397,0.298188716486972
"8","Residuals",588,1164.45139227343,1.98035951066909,NA,NA
